iter	RMSE
0	677.0858673
1	479.2408714
